accuracy,model,n_test,n_train,pr_auc,roc_auc,threshold,train_seconds
0.6397174254317112,DecisionTree,1274,5222,0.6514446692828135,0.6853146508250042,0.5,0.8190720081329346
0.6287284144427001,RandomForest,1274,5222,0.7048136234295475,0.7332132385398248,0.5,0.7063190937042236
0.7142857142857143,NeuralNet,1274,5222,0.7389442923638893,0.7772081289625734,0.5,10.59266209602356
