{
  "threshold": 0.5,
  "accuracy": 0.6397174254317112,
  "roc_auc": 0.6853146508250042,
  "pr_auc": 0.6514446692828135,
  "model": "DecisionTree",
  "train_seconds": 0.8190720081329346,
  "n_train": 5222,
  "n_test": 1274
}