{
  "threshold": 0.5,
  "accuracy": 0.7142857142857143,
  "roc_auc": 0.7772081289625734,
  "pr_auc": 0.7389442923638893,
  "model": "NeuralNet",
  "train_seconds": 10.59266209602356,
  "n_train": 5222,
  "n_test": 1274
}